{
  "IMU_LSM6DS3" : {
    "1-setFloat" : {
      "Ax" : -0.03308,
      "Ay" : -0.9364,
      "Az" : 0.32727,
      "Gx" : 0.73242,
      "Gy" : -4.21143,
      "Gz" : -2.68555,
      "Time(hours)" : 0,
      "Time(min)" : 1,
      "Time(ms)" : 73486,
      "Time(s)" : 12
    },
    "2-pushJSON" : {
      "-MojfJ7PIw9uhC1i6Yhd" : {
        "Ax" : -0.026367,
        "Ay" : -0.885376,
        "Az" : 0.461304,
        "Gx" : 2.01416,
        "Gy" : -4.211426,
        "Gz" : -2.807617,
        "Time(hours)" : 0.0,
        "Time(min)" : 0.0,
        "Time(ms)" : 3.0,
        "Time(s)" : 0.0
      },
      "-MojfJMDU_mpe-S5BETN" : {
        "Ax" : -0.026733,
        "Ay" : -0.883545,
        "Az" : 0.461914,
        "Gx" : 2.01416,
        "Gy" : -4.211426,
        "Gz" : -2.807617,
        "Time(hours)" : 0.0,
        "Time(min)" : 0.0,
        "Time(ms)" : 3388.0,
        "Time(s)" : 3.0
      },
      "-MojfJaXJSpYhIPFiGvs" : {
        "Ax" : -0.026733,
        "Ay" : -0.883789,
        "Az" : 0.461304,
        "Gx" : 2.13623,
        "Gy" : -4.150391,
        "Gz" : -2.868652,
        "Time(hours)" : 0.0,
        "Time(min)" : 0.0,
        "Time(ms)" : 4338.0,
        "Time(s)" : 4.0
      },
      "-MojfJq1ug41x7GQcphc" : {
        "Ax" : -0.026489,
        "Ay" : -0.884155,
        "Az" : 0.46167,
        "Gx" : 2.075195,
        "Gy" : -4.272461,
        "Gz" : -2.746582,
        "Time(hours)" : 0.0,
        "Time(min)" : 0.0,
        "Time(ms)" : 5318.0,
        "Time(s)" : 5.0
      },
      "-MojfK3sFAPXEM7fjvpR" : {
        "Ax" : -0.025269,
        "Ay" : -0.884033,
        "Az" : 0.462646,
        "Gx" : 2.075195,
        "Gy" : -4.211426,
        "Gz" : -2.746582,
        "Time(hours)" : 0.0,
        "Time(min)" : 0.0,
        "Time(ms)" : 6307.0,
        "Time(s)" : 6.0
      },
      "-MojfKJ1t6kfXBqgWkZ-" : {
        "Ax" : -0.026733,
        "Ay" : -0.882202,
        "Az" : 0.462524,
        "Gx" : 2.258301,
        "Gy" : -4.211426,
        "Gz" : -2.685547,
        "Time(hours)" : 0.0,
        "Time(min)" : 0.0,
        "Time(ms)" : 7277.0,
        "Time(s)" : 7.0
      },
      "-MojfKYAjay3Wvd0taj4" : {
        "Ax" : -0.026367,
        "Ay" : -0.882324,
        "Az" : 0.462158,
        "Gx" : 2.075195,
        "Gy" : -4.211426,
        "Gz" : -2.807617,
        "Time(hours)" : 0.0,
        "Time(min)" : 0.0,
        "Time(ms)" : 8239.0,
        "Time(s)" : 8.0
      },
      "-MojfKoB4Y5iIULvsSQk" : {
        "Ax" : -0.025635,
        "Ay" : -0.885254,
        "Az" : 0.462524,
        "Gx" : 2.075195,
        "Gy" : -4.211426,
        "Gz" : -2.746582,
        "Time(hours)" : 0.0,
        "Time(min)" : 0.0,
        "Time(ms)" : 9198.0,
        "Time(s)" : 9.0
      },
      "-MojfL1zd5NZS3zBzI1V" : {
        "Ax" : -0.026001,
        "Ay" : -0.884888,
        "Az" : 0.463135,
        "Gx" : 2.01416,
        "Gy" : -4.150391,
        "Gz" : -2.746582,
        "Time(hours)" : 0.0,
        "Time(min)" : 0.0,
        "Time(ms)" : 10288.0,
        "Time(s)" : 10.0
      },
      "-MojfLrb5qRMRKz50tcI" : {
        "Ax" : -0.025269,
        "Ay" : -0.886475,
        "Az" : 0.463013,
        "Gx" : 2.075195,
        "Gy" : -4.150391,
        "Gz" : -2.746582,
        "Time(hours)" : 0.0,
        "Time(min)" : 0.0,
        "Time(ms)" : 11229.0,
        "Time(s)" : 11.0
      },
      "-MojfM4yBM2e-c2YC384" : {
        "Ax" : -0.026367,
        "Ay" : -0.886719,
        "Az" : 0.462036,
        "Gx" : 2.01416,
        "Gy" : -4.211426,
        "Gz" : -2.746582,
        "Time(hours)" : 0.0,
        "Time(min)" : 0.0,
        "Time(ms)" : 14598.0,
        "Time(s)" : 14.0
      },
      "-MojfMJKzEdBgTHyxmr8" : {
        "Ax" : -0.026367,
        "Ay" : -0.884277,
        "Az" : 0.462891,
        "Gx" : 2.075195,
        "Gy" : -4.272461,
        "Gz" : -2.746582,
        "Time(hours)" : 0.0,
        "Time(min)" : 0.0,
        "Time(ms)" : 15528.0,
        "Time(s)" : 15.0
      },
      "-MojfMXiyhV-3DG-l29O" : {
        "Ax" : -0.027588,
        "Ay" : -0.884155,
        "Az" : 0.462891,
        "Gx" : 2.01416,
        "Gy" : -4.211426,
        "Gz" : -2.746582,
        "Time(hours)" : 0.0,
        "Time(min)" : 0.0,
        "Time(ms)" : 16438.0,
        "Time(s)" : 16.0
      },
      "-MojfMlIfDbUufMXwBMg" : {
        "Ax" : -0.027588,
        "Ay" : -0.884399,
        "Az" : 0.462402,
        "Gx" : 2.075195,
        "Gy" : -4.272461,
        "Gz" : -2.746582,
        "Time(hours)" : 0.0,
        "Time(min)" : 0.0,
        "Time(ms)" : 17357.0,
        "Time(s)" : 17.0
      },
      "-MojfMzn6S2CvsvJtEUL" : {
        "Ax" : -0.0271,
        "Ay" : -0.88562,
        "Az" : 0.461548,
        "Gx" : 2.01416,
        "Gy" : -4.211426,
        "Gz" : -2.685547,
        "Time(hours)" : 0.0,
        "Time(min)" : 0.0,
        "Time(ms)" : 18298.0,
        "Time(s)" : 17.0
      },
      "-MojfNCqWv8WIyP8fz3s" : {
        "Ax" : -0.026733,
        "Ay" : -0.885498,
        "Az" : 0.461426,
        "Gx" : 2.075195,
        "Gy" : -4.150391,
        "Gz" : -2.685547,
        "Time(hours)" : 0.0,
        "Time(min)" : 0.0,
        "Time(ms)" : 19218.0,
        "Time(s)" : 18.0
      },
      "-MojfNREo0aLVYWCOjSq" : {
        "Ax" : -0.026733,
        "Ay" : -0.886475,
        "Az" : 0.461182,
        "Gx" : 2.01416,
        "Gy" : -4.150391,
        "Gz" : -2.746582,
        "Time(hours)" : 0.0,
        "Time(min)" : 0.0,
        "Time(ms)" : 20117.0,
        "Time(s)" : 19.0
      },
      "-MojfNe8Uu-odOTyV77r" : {
        "Ax" : -0.026123,
        "Ay" : -0.884644,
        "Az" : 0.462402,
        "Gx" : 2.01416,
        "Gy" : -4.150391,
        "Gz" : -2.807617,
        "Time(hours)" : 0.0,
        "Time(min)" : 0.0,
        "Time(ms)" : 21038.0,
        "Time(s)" : 20.0
      },
      "-MojfOUYAcQvgCFvz2dO" : {
        "Ax" : -0.027466,
        "Ay" : -0.884888,
        "Az" : 0.46106,
        "Gx" : 1.953125,
        "Gy" : -4.089355,
        "Gz" : -2.746582,
        "Time(hours)" : 0.0,
        "Time(min)" : 0.0,
        "Time(ms)" : 21927.0,
        "Time(s)" : 21.0
      },
      "-MojfOhmDckj_zQ-Cpkb" : {
        "Ax" : -0.028931,
        "Ay" : -0.884399,
        "Az" : 0.46228,
        "Gx" : 1.953125,
        "Gy" : -4.272461,
        "Gz" : -2.746582,
        "Time(hours)" : 0.0,
        "Time(min)" : 0.0,
        "Time(ms)" : 25347.0,
        "Time(s)" : 24.0
      },
      "-MojfOwJjxrVFL5WCaJw" : {
        "Ax" : -0.026611,
        "Ay" : -0.885742,
        "Az" : 0.461792,
        "Gx" : 2.01416,
        "Gy" : -4.211426,
        "Gz" : -2.746582,
        "Time(hours)" : 0.0,
        "Time(min)" : 0.0,
        "Time(ms)" : 26258.0,
        "Time(s)" : 25.0
      },
      "-MojfP9PJhcQNOG12GwP" : {
        "Ax" : -0.026733,
        "Ay" : -0.884766,
        "Az" : 0.46167,
        "Gx" : 1.953125,
        "Gy" : -4.211426,
        "Gz" : -2.746582,
        "Time(hours)" : 0.0,
        "Time(min)" : 0.0,
        "Time(ms)" : 27187.0,
        "Time(s)" : 26.0
      },
      "-MojfPNkWhc6F2WVSHwz" : {
        "Ax" : -0.026489,
        "Ay" : -0.884033,
        "Az" : 0.461304,
        "Gx" : 2.075195,
        "Gy" : -4.211426,
        "Gz" : -2.746582,
        "Time(hours)" : 0.0,
        "Time(min)" : 0.0,
        "Time(ms)" : 28089.0,
        "Time(s)" : 27.0
      },
      "-MojfPbTA3Yrri-P48sy" : {
        "Ax" : -0.026855,
        "Ay" : -0.884399,
        "Az" : 0.461792,
        "Gx" : 2.075195,
        "Gy" : -4.211426,
        "Gz" : -2.685547,
        "Time(hours)" : 0.0,
        "Time(min)" : 0.0,
        "Time(ms)" : 29022.0,
        "Time(s)" : 28.0
      },
      "-MojfPpf95LssS4bbVCb" : {
        "Ax" : -0.027222,
        "Ay" : -0.884766,
        "Az" : 0.46167,
        "Gx" : 2.075195,
        "Gy" : -4.150391,
        "Gz" : -2.685547,
        "Time(hours)" : 0.0,
        "Time(min)" : 0.0,
        "Time(ms)" : 29947.0,
        "Time(s)" : 29.0
      },
      "-MojfQ2jZOviQa2wXTec" : {
        "Ax" : -0.026123,